Scale,Backend,Time (s)
500,pandas,0.01810169219970703
500,cudf,0.023897886276245117
5000,pandas,0.05529308319091797
5000,cudf,0.020200729370117188
50000,pandas,0.8533785343170166
50000,cudf,0.12259507179260254
